{
  "project_info": {
    "project_number": "706773598319",
    "firebase_url": "https://augmented-d41f4.firebaseio.com",
    "project_id": "augmented-d41f4",
    "storage_bucket": "augmented-d41f4.appspot.com"
  },
  "client": [
    {
      "client_info": {
        "mobilesdk_app_id": "1:706773598319:android:175ebb0a1ef6c6c5c58d9a",
        "android_client_info": {
          "package_name": "com.augmented"
        }
      },
      "oauth_client": [
        {
          "client_id": "706773598319-n1v2vkpdnaemqlgl0o8j94j2euntldiu.apps.googleusercontent.com",
          "client_type": 1,
          "android_info": {
            "package_name": "com.augmented",
            "certificate_hash": "b1dd63bfb45ba64a5b0c294d3cb2ab3cf0c376fd"
          }
        },
        {
          "client_id": "706773598319-qi941it3p3h85luoru2d50pva49c4va3.apps.googleusercontent.com",
          "client_type": 3
        }
      ],
      "api_key": [
        {
          "current_key": "AIzaSyA0odtzQKs9gfi7FwDAvTK7y7ue8qDF7TA"
        }
      ],
      "services": {
        "appinvite_service": {
          "other_platform_oauth_client": [
            {
              "client_id": "706773598319-qi941it3p3h85luoru2d50pva49c4va3.apps.googleusercontent.com",
              "client_type": 3
            }
          ]
        }
      }
    }
  ],
  "configuration_version": "1"
}